,nickname,id,twit
0,마루,marudcv,【J】#오프 엑스터시 #자위 #온플 #부천 #물뽕
1,마루,marudcv,【J】#오프 엑스터시 #자위 #온플 #부천 #물뽕
2,마루,marudcv,【J】#오프 엑스터시 #자위 #온플 #부천 #물뽕
3,마루,marudcv,【J】#오프 엑스터시 #자위 #온플 #부천 #물뽕
4,마루,marudcv,【J】#오프 엑스터시 #자위 #온플 #부천 #물뽕
5,마루,marudcv,【J】#오프 엑스터시 #자위 #온플 #부천 #물뽕
6,마루,marudcv,【J】#오프 엑스터시 #자위 #온플 #부천 #물뽕
7,마루,marudcv,【J】#오프 엑스터시 #자위 #온플 #부천 #물뽕
8,마루,marudcv,【J】#오프 엑스터시 #자위 #온플 #부천 #물뽕
9,마루,marudcv,【J】#오프 엑스터시 #자위 #온플 #부천 #물뽕
10,마루,marudcv,【J】#오프 엑스터시 #자위 #온플 #부천 #물뽕
11,마루,marudcv,【J】#오프 엑스터시 #자위 #온플 #부천 #물뽕
12,마루,marudcv,【J】#오프 엑스터시 #자위 #온플 #부천 #물뽕
13,마루,marudcv,【J】#오프 엑스터시 #자위 #온플 #부천 #물뽕
14,마루,marudcv,【J】#오프 엑스터시 #자위 #온플 #부천 #물뽕
15,마루,marudcv,【J】#오프 엑스터시 #자위 #온플 #부천 #물뽕
16,마루,marudcv,【J】#오프 엑스터시 #자위 #온플 #부천 #물뽕
17,마루,marudcv,【J】#오프 엑스터시 #자위 #온플 #부천 #물뽕
18,마루,marudcv,【J】#오프 엑스터시 #자위 #온플 #부천 #물뽕
19,마루,marudcv,【J】#오프 엑스터시 #자위 #온플 #부천 #물뽕
20,마루,marudcv,【J】#오프 엑스터시 #자위 #온플 #부천 #물뽕
21,마루,marudcv,【J】#오프 엑스터시 #자위 #온플 #부천 #물뽕
22,마루,marudcv,【J】#오프 엑스터시 #자위 #온플 #부천 #물뽕
23,마루,marudcv,【J】#오프 엑스터시 #자위 #온플 #부천 #물뽕
24,마루,marudcv,【J】#오프 엑스터시 #자위 #온플 #부천 #물뽕
25,마루,marudcv,【J】#오프 엑스터시 #자위 #온플 #부천 #물뽕
26,마루,marudcv,【J】#오프 엑스터시 #자위 #온플 #부천 #물뽕
27,마루,marudcv,【J】#오프 엑스터시 #자위 #온플 #부천 #물뽕
28,마루,marudcv,【J】#오프 엑스터시 #자위 #온플 #부천 #물뽕
29,마루,marudcv,【J】#오프 엑스터시 #자위 #온플 #부천 #물뽕
30,마루,marudcv,【J】#오프 엑스터시 #자위 #온플 #부천 #물뽕
31,마루,marudcv,【J】#오프 엑스터시 #자위 #온플 #부천 #물뽕
32,마루,marudcv,【J】#오프 엑스터시 #자위 #온플 #부천 #물뽕
33,마루,marudcv,【J】#오프 엑스터시 #자위 #온플 #부천 #물뽕
34,마루,marudcv,【J】#오프 엑스터시 #자위 #온플 #부천 #물뽕
35,마루,marudcv,【J】#오프 엑스터시 #자위 #온플 #부천 #물뽕
36,마루,marudcv,【J】#오프 엑스터시 #자위 #온플 #부천 #물뽕
37,마루,marudcv,【J】#오프 엑스터시 #자위 #온플 #부천 #물뽕
38,마루,marudcv,【J】#오프 엑스터시 #자위 #온플 #부천 #물뽕
39,마루,marudcv,【J】#오프 엑스터시 #자위 #온플 #부천 #물뽕
40,마루,marudcv,【J】#오프 엑스터시 #자위 #온플 #부천 #물뽕
41,마루,marudcv,【J】#오프 엑스터시 #자위 #온플 #부천 #물뽕
42,마루,marudcv,【J】#오프 엑스터시 #자위 #온플 #부천 #물뽕
43,마루,marudcv,【J】#오프 엑스터시 #자위 #온플 #부천 #물뽕
44,마루,marudcv,【J】#오프 엑스터시 #자위 #온플 #부천 #물뽕
45,마루,marudcv,【J】#오프 엑스터시 #자위 #온플 #부천 #물뽕
46,마루,marudcv,【J】#오프 엑스터시 #자위 #온플 #부천 #물뽕
47,마루,marudcv,【J】#오프 엑스터시 #자위 #온플 #부천 #물뽕
48,마루,marudcv,【J】#오프 엑스터시 #자위 #온플 #부천 #물뽕
49,마루,marudcv,【J】#오프 엑스터시 #자위 #온플 #부천 #물뽕
50,마루,marudcv,【J】#오프 엑스터시 #자위 #온플 #부천 #물뽕
51,마루,marudcv,【J】#오프 엑스터시 #자위 #온플 #부천 #물뽕
52,마루,marudcv,【J】#오프 엑스터시 #자위 #온플 #부천 #물뽕
53,마루,marudcv,【J】#오프 엑스터시 #자위 #온플 #부천 #물뽕
54,마루,marudcv,【J】#오프 엑스터시 #자위 #온플 #부천 #물뽕
55,마루,marudcv,【J】#오프 엑스터시 #자위 #온플 #부천 #물뽕
56,마루,marudcv,【J】#오프 엑스터시 #자위 #온플 #부천 #물뽕
57,마루,marudcv,【J】#오프 엑스터시 #자위 #온플 #부천 #물뽕
58,마루,marudcv,【J】#오프 엑스터시 #자위 #온플 #부천 #물뽕
59,마루,marudcv,【J】#오프 엑스터시 #자위 #온플 #부천 #물뽕
60,마루,marudcv,【J】#오프 엑스터시 #자위 #온플 #부천 #물뽕
61,마루,marudcv,【J】#오프 엑스터시 #자위 #온플 #부천 #물뽕
62,마루,marudcv,【J】#오프 엑스터시 #자위 #온플 #부천 #물뽕
63,마루,marudcv,【J】#오프 엑스터시 #자위 #온플 #부천 #물뽕
64,마루,marudcv,【J】#오프 엑스터시 #자위 #온플 #부천 #물뽕
65,마루,marudcv,【J】#오프 엑스터시 #자위 #온플 #부천 #물뽕
66,마루,marudcv,【J】#오프 엑스터시 #자위 #온플 #부천 #물뽕
67,마루,marudcv,【J】#오프 엑스터시 #자위 #온플 #부천 #물뽕
68,마루,marudcv,【J】#오프 엑스터시 #자위 #온플 #부천 #물뽕
69,마루,marudcv,【J】#오프 엑스터시 #자위 #온플 #부천 #물뽕
70,마루,marudcv,【J】#오프 엑스터시 #자위 #온플 #부천 #물뽕
71,마루,marudcv,【J】#오프 엑스터시 #자위 #온플 #부천 #물뽕
72,마루,marudcv,【J】#오프 엑스터시 #자위 #온플 #부천 #물뽕
73,마루,marudcv,【J】#오프 엑스터시 #자위 #온플 #부천 #물뽕
74,마루,marudcv,【J】#오프 엑스터시 #자위 #온플 #부천 #물뽕
75,마루,marudcv,【J】#오프 엑스터시 #자위 #온플 #부천 #물뽕
76,마루,marudcv,【J】#오프 엑스터시 #자위 #온플 #부천 #물뽕
77,마루,marudcv,【J】#오프 엑스터시 #자위 #온플 #부천 #물뽕
78,마루,marudcv,【J】#오프 엑스터시 #자위 #온플 #부천 #물뽕
79,마루,marudcv,【J】#오프 엑스터시 #자위 #온플 #부천 #물뽕
80,마루,marudcv,【J】#오프 엑스터시 #자위 #온플 #부천 #물뽕
81,마루,marudcv,【J】#오프 엑스터시 #자위 #온플 #부천 #물뽕
82,마루,marudcv,【J】#오프 엑스터시 #자위 #온플 #부천 #물뽕
83,마루,marudcv,【J】#오프 엑스터시 #자위 #온플 #부천 #물뽕
84,마루,marudcv,【J】#오프 엑스터시 #자위 #온플 #부천 #물뽕
85,마루,marudcv,【J】#오프 엑스터시 #자위 #온플 #부천 #물뽕
86,마루,marudcv,【J】#오프 엑스터시 #자위 #온플 #부천 #물뽕
87,마루,marudcv,【J】#오프 엑스터시 #자위 #온플 #부천 #물뽕
88,마루,marudcv,【J】#오프 엑스터시 #자위 #온플 #부천 #물뽕
89,마루,marudcv,【J】#오프 엑스터시 #자위 #온플 #부천 #물뽕
90,마루,marudcv,【J】#오프 엑스터시 #자위 #온플 #부천 #물뽕
91,마루,marudcv,【J】#오프 엑스터시 #자위 #온플 #부천 #물뽕
92,마루,marudcv,【J】#오프 엑스터시 #자위 #온플 #부천 #물뽕
93,마루,marudcv,【J】#오프 엑스터시 #자위 #온플 #부천 #물뽕
94,마루,marudcv,【J】#오프 엑스터시 #자위 #온플 #부천 #물뽕
95,마루,marudcv,【J】#오프 엑스터시 #자위 #온플 #부천 #물뽕
96,마루,marudcv,【J】#오프 엑스터시 #자위 #온플 #부천 #물뽕
97,마루,marudcv,【J】#오프 엑스터시 #자위 #온플 #부천 #물뽕
98,마루,marudcv,【J】#오프 엑스터시 #자위 #온플 #부천 #물뽕
99,마루,marudcv,【J】#오프 엑스터시 #자위 #온플 #부천 #물뽕
100,마루,marudcv,【J】#오프 엑스터시 #자위 #온플 #부천 #물뽕
101,마루,marudcv,【J】#오프 엑스터시 #자위 #온플 #부천 #물뽕
102,마루,marudcv,【J】#오프 엑스터시 #자위 #온플 #부천 #물뽕
103,마루,marudcv,【J】#오프 엑스터시 #자위 #온플 #부천 #물뽕
104,마루,marudcv,【J】#오프 엑스터시 #자위 #온플 #부천 #물뽕
105,마루,marudcv,【J】#오프 엑스터시 #자위 #온플 #부천 #물뽕
106,마루,marudcv,【J】#오프 엑스터시 #자위 #온플 #부천 #물뽕
107,마루,marudcv,【J】#오프 엑스터시 #자위 #온플 #부천 #물뽕
108,마루,marudcv,【J】#오프 엑스터시 #자위 #온플 #부천 #물뽕
109,마루,marudcv,【J】#오프 엑스터시 #자위 #온플 #부천 #물뽕
110,마루,marudcv,【J】#오프 엑스터시 #자위 #온플 #부천 #물뽕
111,마루,marudcv,【J】#오프 엑스터시 #자위 #온플 #부천 #물뽕
112,마루,marudcv,【J】#오프 엑스터시 #자위 #온플 #부천 #물뽕
113,마루,marudcv,【J】#오프 엑스터시 #자위 #온플 #부천 #물뽕
114,마루,marudcv,【J】#오프 엑스터시 #자위 #온플 #부천 #물뽕
115,마루,marudcv,【J】#오프 엑스터시 #자위 #온플 #부천 #물뽕
116,마루,marudcv,【J】#오프 엑스터시 #자위 #온플 #부천 #물뽕
117,마루,marudcv,【J】#오프 엑스터시 #자위 #온플 #부천 #물뽕
118,마루,marudcv,【J】#오프 엑스터시 #자위 #온플 #부천 #물뽕
119,마루,marudcv,【J】#오프 엑스터시 #자위 #온플 #부천 #물뽕
120,마루,marudcv,【J】#오프 엑스터시 #자위 #온플 #부천 #물뽕
121,마루,marudcv,【J】#오프 엑스터시 #자위 #온플 #부천 #물뽕
122,마루,marudcv,【J】#오프 엑스터시 #자위 #온플 #부천 #물뽕
123,마루,marudcv,【J】#오프 엑스터시 #자위 #온플 #부천 #물뽕
124,마루,marudcv,【J】#오프 엑스터시 #자위 #온플 #부천 #물뽕
125,마루,marudcv,【J】#오프 엑스터시 #자위 #온플 #부천 #물뽕
126,마루,marudcv,【J】#오프 엑스터시 #자위 #온플 #부천 #물뽕
127,마루,marudcv,【J】#오프 엑스터시 #자위 #온플 #부천 #물뽕
128,마루,marudcv,【J】#오프 엑스터시 #자위 #온플 #부천 #물뽕
129,마루,marudcv,【J】#오프 엑스터시 #자위 #온플 #부천 #물뽕
130,마루,marudcv,【J】#오프 엑스터시 #자위 #온플 #부천 #물뽕
131,마루,marudcv,【J】#오프 엑스터시 #자위 #온플 #부천 #물뽕
132,마루,marudcv,【J】#오프 엑스터시 #자위 #온플 #부천 #물뽕
133,마루,marudcv,【J】#오프 엑스터시 #자위 #온플 #부천 #물뽕
134,마루,marudcv,【J】#오프 엑스터시 #자위 #온플 #부천 #물뽕
135,마루,marudcv,【J】#오프 엑스터시 #자위 #온플 #부천 #물뽕
136,마루,marudcv,【J】#오프 엑스터시 #자위 #온플 #부천 #물뽕
137,마루,marudcv,【J】#오프 엑스터시 #자위 #온플 #부천 #물뽕
138,마루,marudcv,【J】#오프 엑스터시 #자위 #온플 #부천 #물뽕
139,마루,marudcv,【J】#오프 엑스터시 #자위 #온플 #부천 #물뽕
140,마루,marudcv,【J】#오프 엑스터시 #자위 #온플 #부천 #물뽕
141,마루,marudcv,【J】#오프 엑스터시 #자위 #온플 #부천 #물뽕
142,마루,marudcv,【J】#오프 엑스터시 #자위 #온플 #부천 #물뽕
143,마루,marudcv,【J】#오프 엑스터시 #자위 #온플 #부천 #물뽕
144,마루,marudcv,【J】#오프 엑스터시 #자위 #온플 #부천 #물뽕
145,마루,marudcv,【J】#오프 엑스터시 #자위 #온플 #부천 #물뽕
146,마루,marudcv,【J】#오프 엑스터시 #자위 #온플 #부천 #물뽕
147,마루,marudcv,【J】#오프 엑스터시 #자위 #온플 #부천 #물뽕
148,마루,marudcv,【J】#오프 엑스터시 #자위 #온플 #부천 #물뽕
149,마루,marudcv,【J】#오프 엑스터시 #자위 #온플 #부천 #물뽕
150,마루,marudcv,【J】#오프 엑스터시 #자위 #온플 #부천 #물뽕
151,마루,marudcv,【J】#오프 엑스터시 #자위 #온플 #부천 #물뽕
152,마루,marudcv,【J】#오프 엑스터시 #자위 #온플 #부천 #물뽕
153,마루,marudcv,【J】#오프 엑스터시 #자위 #온플 #부천 #물뽕
154,마루,marudcv,【J】#오프 엑스터시 #자위 #온플 #부천 #물뽕
155,마루,marudcv,【J】#오프 엑스터시 #자위 #온플 #부천 #물뽕
156,마루,marudcv,【J】#오프 엑스터시 #자위 #온플 #부천 #물뽕
157,마루,marudcv,【J】#오프 엑스터시 #자위 #온플 #부천 #물뽕
158,마루,marudcv,【J】#오프 엑스터시 #자위 #온플 #부천 #물뽕
159,마루,marudcv,【J】#오프 엑스터시 #자위 #온플 #부천 #물뽕
160,마루,marudcv,【J】#오프 엑스터시 #자위 #온플 #부천 #물뽕
161,마루,marudcv,【J】#오프 엑스터시 #자위 #온플 #부천 #물뽕
162,마루,marudcv,【J】#오프 엑스터시 #자위 #온플 #부천 #물뽕
163,마루,marudcv,【J】#오프 엑스터시 #자위 #온플 #부천 #물뽕
164,마루,marudcv,【J】#오프 엑스터시 #자위 #온플 #부천 #물뽕
165,마루,marudcv,【J】#오프 엑스터시 #자위 #온플 #부천 #물뽕
166,마루,marudcv,【J】#오프 엑스터시 #자위 #온플 #부천 #물뽕
167,마루,marudcv,【J】#오프 엑스터시 #자위 #온플 #부천 #물뽕
168,마루,marudcv,【J】#오프 엑스터시 #자위 #온플 #부천 #물뽕
169,마루,marudcv,【J】#오프 엑스터시 #자위 #온플 #부천 #물뽕
170,마루,marudcv,【J】#오프 엑스터시 #자위 #온플 #부천 #물뽕
171,마루,marudcv,【J】#오프 엑스터시 #자위 #온플 #부천 #물뽕
172,마루,marudcv,【J】#오프 엑스터시 #자위 #온플 #부천 #물뽕
173,마루,marudcv,【J】#오프 엑스터시 #자위 #온플 #부천 #물뽕
174,마루,marudcv,【J】#오프 엑스터시 #자위 #온플 #부천 #물뽕
175,마루,marudcv,【J】#오프 엑스터시 #자위 #온플 #부천 #물뽕
176,마루,marudcv,【J】#오프 엑스터시 #자위 #온플 #부천 #물뽕
177,마루,marudcv,【J】#오프 엑스터시 #자위 #온플 #부천 #물뽕
178,마루,marudcv,【J】#오프 엑스터시 #자위 #온플 #부천 #물뽕
179,마루,marudcv,【J】#오프 엑스터시 #자위 #온플 #부천 #물뽕
180,마루,marudcv,【J】#오프 엑스터시 #자위 #온플 #부천 #물뽕
181,마루,marudcv,【J】#오프 엑스터시 #자위 #온플 #부천 #물뽕
182,마루,marudcv,【J】#오프 엑스터시 #자위 #온플 #부천 #물뽕
183,마루,marudcv,【J】#오프 엑스터시 #자위 #온플 #부천 #물뽕
184,마루,marudcv,【J】#오프 엑스터시 #자위 #온플 #부천 #물뽕
185,마루,marudcv,【J】#오프 엑스터시 #자위 #온플 #부천 #물뽕
186,마루,marudcv,【J】#오프 엑스터시 #자위 #온플 #부천 #물뽕
187,마루,marudcv,【J】#오프 엑스터시 #자위 #온플 #부천 #물뽕
188,마루,marudcv,【J】#오프 엑스터시 #자위 #온플 #부천 #물뽕
189,마루,marudcv,【J】#오프 엑스터시 #자위 #온플 #부천 #물뽕
190,마루,marudcv,【J】#오프 엑스터시 #자위 #온플 #부천 #물뽕
191,마루,marudcv,【J】#오프 엑스터시 #자위 #온플 #부천 #물뽕
192,마루,marudcv,【J】#오프 엑스터시 #자위 #온플 #부천 #물뽕
193,마루,marudcv,【J】#오프 엑스터시 #자위 #온플 #부천 #물뽕
194,마루,marudcv,【J】#오프 엑스터시 #자위 #온플 #부천 #물뽕
195,마루,marudcv,【J】#오프 엑스터시 #자위 #온플 #부천 #물뽕
196,마루,marudcv,【J】#오프 엑스터시 #자위 #온플 #부천 #물뽕
197,마루,marudcv,【J】#오프 엑스터시 #자위 #온플 #부천 #물뽕
198,마루,marudcv,【J】#오프 엑스터시 #자위 #온플 #부천 #물뽕
199,마루,marudcv,【J】#오프 엑스터시 #자위 #온플 #부천 #물뽕
200,마루,marudcv,【J】#오프 엑스터시 #자위 #온플 #부천 #물뽕
201,마루,marudcv,【J】#오프 엑스터시 #자위 #온플 #부천 #물뽕
202,마루,marudcv,【J】#오프 엑스터시 #자위 #온플 #부천 #물뽕
203,마루,marudcv,【J】#오프 엑스터시 #자위 #온플 #부천 #물뽕
204,마루,marudcv,【J】#오프 엑스터시 #자위 #온플 #부천 #물뽕
205,마루,marudcv,【J】#오프 엑스터시 #자위 #온플 #부천 #물뽕
206,마루,marudcv,【J】#오프 엑스터시 #자위 #온플 #부천 #물뽕
207,마루,marudcv,【J】#오프 엑스터시 #자위 #온플 #부천 #물뽕
208,마루,marudcv,【J】#오프 엑스터시 #자위 #온플 #부천 #물뽕
209,마루,marudcv,【J】#오프 엑스터시 #자위 #온플 #부천 #물뽕
210,마루,marudcv,【J】#오프 엑스터시 #자위 #온플 #부천 #물뽕
211,마루,marudcv,【J】#오프 엑스터시 #자위 #온플 #부천 #물뽕
212,마루,marudcv,【J】#오프 엑스터시 #자위 #온플 #부천 #물뽕
213,마루,marudcv,【J】#오프 엑스터시 #자위 #온플 #부천 #물뽕
214,마루,marudcv,【J】#오프 엑스터시 #자위 #온플 #부천 #물뽕
215,마루,marudcv,【J】#오프 엑스터시 #자위 #온플 #부천 #물뽕
216,마루,marudcv,【J】#오프 엑스터시 #자위 #온플 #부천 #물뽕
217,마루,marudcv,【J】#오프 엑스터시 #자위 #온플 #부천 #물뽕
218,마루,marudcv,【J】#오프 엑스터시 #자위 #온플 #부천 #물뽕
219,마루,marudcv,【J】#오프 엑스터시 #자위 #온플 #부천 #물뽕
220,마루,marudcv,【J】#오프 엑스터시 #자위 #온플 #부천 #물뽕
221,마루,marudcv,【J】#오프 엑스터시 #자위 #온플 #부천 #물뽕
222,마루,marudcv,【J】#오프 엑스터시 #자위 #온플 #부천 #물뽕
223,마루,marudcv,【J】#오프 엑스터시 #자위 #온플 #부천 #물뽕
224,마루,marudcv,【J】#오프 엑스터시 #자위 #온플 #부천 #물뽕
225,마루,marudcv,【J】#오프 엑스터시 #자위 #온플 #부천 #물뽕
226,마루,marudcv,【J】#오프 엑스터시 #자위 #온플 #부천 #물뽕
227,마루,marudcv,【J】#오프 엑스터시 #자위 #온플 #부천 #물뽕
228,마루,marudcv,【J】#오프 엑스터시 #자위 #온플 #부천 #물뽕
229,마루,marudcv,【J】#오프 엑스터시 #자위 #온플 #부천 #물뽕
230,마루,marudcv,【J】#오프 엑스터시 #자위 #온플 #부천 #물뽕
231,마루,marudcv,【J】#오프 엑스터시 #자위 #온플 #부천 #물뽕
232,마루,marudcv,【J】#오프 엑스터시 #자위 #온플 #부천 #물뽕
233,마루,marudcv,【J】#오프 엑스터시 #자위 #온플 #부천 #물뽕
234,마루,marudcv,【J】#오프 엑스터시 #자위 #온플 #부천 #물뽕
235,마루,marudcv,【J】#오프 엑스터시 #자위 #온플 #부천 #물뽕
236,마루,marudcv,【J】#오프 엑스터시 #자위 #온플 #부천 #물뽕
237,마루,marudcv,【J】#오프 엑스터시 #자위 #온플 #부천 #물뽕
238,마루,marudcv,【J】#오프 엑스터시 #자위 #온플 #부천 #물뽕
239,마루,marudcv,【J】#오프 엑스터시 #자위 #온플 #부천 #물뽕
240,마루,marudcv,【J】#오프 엑스터시 #자위 #온플 #부천 #물뽕
241,마루,marudcv,【J】#오프 엑스터시 #자위 #온플 #부천 #물뽕
242,마루,marudcv,【J】#오프 엑스터시 #자위 #온플 #부천 #물뽕
243,마루,marudcv,【J】#오프 엑스터시 #자위 #온플 #부천 #물뽕
244,마루,marudcv,【J】#오프 엑스터시 #자위 #온플 #부천 #물뽕
245,마루,marudcv,【J】#오프 엑스터시 #자위 #온플 #부천 #물뽕
246,마루,marudcv,【J】#오프 엑스터시 #자위 #온플 #부천 #물뽕
247,마루,marudcv,【J】#오프 엑스터시 #자위 #온플 #부천 #물뽕
248,마루,marudcv,【J】#오프 엑스터시 #자위 #온플 #부천 #물뽕
